name,username,email,avatar,address.photo,address.street,address.suite,address.city,address.zipcode,address.localization.lat,address.localization.lon,phone,website,company.name,company.catchPhrase,company.bs,bio.gender,bio.dob,imgs.0,imgs.1,imgs.2,imgs.3
Jamie Schaden,Megane1,Maci_Wuckert53@hotmail.com,https://cloudflare-ipfs.com/ipfs/Qmd3W5DuhgHirLHGVixi6V76LhCkZUz6pnFt5AJBiyvHye/avatar/255.jpg,http://loremflickr.com/640/480/city,Gunner Circles,Apt. 252,Port Fabianton,08925-4199,-79.1156,9.9391,+48 952 775 129,http://cruel-pizza.info,"Prosacco, Dickinson and Kuhn",Open-architected regional alliance,transform real-time experiences,Male,2021-10-04T23:47:46.729Z,http://loremflickr.com/640/480/abstract,http://loremflickr.com/640/480/abstract,http://loremflickr.com/640/480/abstract,http://loremflickr.com/640/480/abstract
Olga Block,Lillian.Smith25,Norbert_Koch@gmail.com,https://cloudflare-ipfs.com/ipfs/Qmd3W5DuhgHirLHGVixi6V76LhCkZUz6pnFt5AJBiyvHye/avatar/1036.jpg,http://loremflickr.com/640/480/city,Hamill Motorway,Apt. 912,Uptonhaven,57265,-25.5295,90.6490,+48 970 066 339,http://active-elevator.name,Prosacco LLC,Ergonomic local knowledge user,repurpose best-of-breed e-tailers,Female,1989-04-24T14:01:43.635Z,http://loremflickr.com/640/480/nature,http://loremflickr.com/640/480/nature,http://loremflickr.com/640/480/nature,http://loremflickr.com/640/480/nature
Juanita Cassin,Oceane.Dickens3,Kirk_McKenzie10@yahoo.com,https://cloudflare-ipfs.com/ipfs/Qmd3W5DuhgHirLHGVixi6V76LhCkZUz6pnFt5AJBiyvHye/avatar/941.jpg,http://loremflickr.com/640/480/city,Gardner Lights,Suite 554,Lincoln,71850,8.9036,165.1117,+48 742 950 936,https://vacant-veal.com,McDermott - Legros,Pre-emptive multimedia knowledge user,deliver magnetic e-services,Female,1997-08-13T07:52:04.649Z,http://loremflickr.com/640/480/people,http://loremflickr.com/640/480/people,http://loremflickr.com/640/480/people,http://loremflickr.com/640/480/people
Ms. Levi O'Reilly,Joy.Christiansen,Jaquelin.Schaefer18@hotmail.com,https://cloudflare-ipfs.com/ipfs/Qmd3W5DuhgHirLHGVixi6V76LhCkZUz6pnFt5AJBiyvHye/avatar/196.jpg,http://loremflickr.com/640/480/city,Liam Terrace,Apt. 235,Taylorsville,89666,22.8036,102.8468,+48 375 870 199,http://unknown-synthesis.com,"Koss, Kunze and Rice",Phased holistic support,seize integrated e-markets,Female,2008-11-06T16:18:47.997Z,http://loremflickr.com/640/480/transport,http://loremflickr.com/640/480/transport,http://loremflickr.com/640/480/transport,http://loremflickr.com/640/480/transport
Jenny Stoltenberg,Jessica.Greenfelder4,Shania.Smitham18@gmail.com,https://cloudflare-ipfs.com/ipfs/Qmd3W5DuhgHirLHGVixi6V76LhCkZUz6pnFt5AJBiyvHye/avatar/96.jpg,http://loremflickr.com/640/480/city,Rafael Spring,Suite 292,Port Jodieland,62268-4635,-48.6009,-118.8908,+48 604 732 927,https://mundane-subconscious.biz,Lubowitz - O'Keefe,Inverse demand-driven monitoring,monetize innovative systems,Male,1994-11-08T06:10:10.827Z,http://loremflickr.com/640/480/animals,http://loremflickr.com/640/480/animals,http://loremflickr.com/640/480/animals,http://loremflickr.com/640/480/animals
Miss Alma Doyle,Theresia80,Angeline_Schaefer17@gmail.com,https://cloudflare-ipfs.com/ipfs/Qmd3W5DuhgHirLHGVixi6V76LhCkZUz6pnFt5AJBiyvHye/avatar/170.jpg,http://loremflickr.com/640/480/city,Lang Groves,Suite 463,South Hertahaven,71667,8.8185,-18.0159,+48 908 764 035,https://athletic-snowboarding.info,"Murazik, Bashirian and Wisoky",Exclusive optimizing benchmark,productize strategic web services,Male,2014-05-19T11:57:07.190Z,http://loremflickr.com/640/480/nightlife,http://loremflickr.com/640/480/nightlife,http://loremflickr.com/640/480/nightlife,http://loremflickr.com/640/480/nightlife
Hubert Roob,Clementine.Gibson61,Stephania.Leffler49@hotmail.com,https://cloudflare-ipfs.com/ipfs/Qmd3W5DuhgHirLHGVixi6V76LhCkZUz6pnFt5AJBiyvHye/avatar/1128.jpg,http://loremflickr.com/640/480/city,Grace Ports,Apt. 402,East Josephine,96725-4808,23.2204,-24.3742,+48 962 306 600,http://productive-catcher.biz,Veum Group,Cloned national focus group,envisioneer B2B metrics,Female,1980-11-25T23:34:08.595Z,http://loremflickr.com/640/480/city,http://loremflickr.com/640/480/city,http://loremflickr.com/640/480/city,http://loremflickr.com/640/480/city
Glen Weissnat,Alysha.OConner25,Cameron19@gmail.com,https://cloudflare-ipfs.com/ipfs/Qmd3W5DuhgHirLHGVixi6V76LhCkZUz6pnFt5AJBiyvHye/avatar/1138.jpg,http://loremflickr.com/640/480/city,Gutmann Locks,Suite 519,Lake Dominiquechester,53943-7042,-61.3356,72.4056,+48 230 747 476,https://droopy-raffle.info,Runolfsson - Bins,Multi-tiered 5th generation software,productize dot-com solutions,Female,2019-06-12T17:42:27.779Z,http://loremflickr.com/640/480/animals,http://loremflickr.com/640/480/animals,http://loremflickr.com/640/480/animals,http://loremflickr.com/640/480/animals
Whitney Powlowski,Quinn77,Dianna1@gmail.com,https://cloudflare-ipfs.com/ipfs/Qmd3W5DuhgHirLHGVixi6V76LhCkZUz6pnFt5AJBiyvHye/avatar/309.jpg,http://loremflickr.com/640/480/city,Wehner Turnpike,Suite 917,Norman,68803-4362,-33.9892,131.7606,+48 453 623 048,https://famous-survival.info,"Hodkiewicz, Hyatt and Adams",Cloned dynamic artificial intelligence,seize plug-and-play e-markets,Female,1991-10-19T01:56:07.685Z,http://loremflickr.com/640/480/cats,http://loremflickr.com/640/480/cats,http://loremflickr.com/640/480/cats,http://loremflickr.com/640/480/cats
Donna Conn,Angelica.Schaefer90,Makenzie95@gmail.com,https://cloudflare-ipfs.com/ipfs/Qmd3W5DuhgHirLHGVixi6V76LhCkZUz6pnFt5AJBiyvHye/avatar/479.jpg,http://loremflickr.com/640/480/city,Larkin Points,Apt. 563,Howefurt,89434-5689,84.6145,-73.2676,+48 741 522 743,https://ill-informed-marketer.biz,"Koss, Lakin and Runolfsdottir",Robust scalable analyzer,expedite transparent initiatives,Female,1981-06-23T00:18:26.833Z,http://loremflickr.com/640/480/nature,http://loremflickr.com/640/480/nature,http://loremflickr.com/640/480/nature,http://loremflickr.com/640/480/nature
Bernadette Ziemann,Edison57,Sidney_Boehm@yahoo.com,https://cloudflare-ipfs.com/ipfs/Qmd3W5DuhgHirLHGVixi6V76LhCkZUz6pnFt5AJBiyvHye/avatar/396.jpg,http://loremflickr.com/640/480/city,Yost Crescent,Apt. 095,Elinorville,50458,9.4410,42.4960,+48 648 278 238,http://important-combat.net,Kuvalis Group,Streamlined leading edge leverage,reinvent back-end synergies,Male,1973-04-25T21:49:44.180Z,http://loremflickr.com/640/480/city,http://loremflickr.com/640/480/city,http://loremflickr.com/640/480/city,http://loremflickr.com/640/480/city
Tony Sawayn,Wilfrid6,Camden17@yahoo.com,https://cloudflare-ipfs.com/ipfs/Qmd3W5DuhgHirLHGVixi6V76LhCkZUz6pnFt5AJBiyvHye/avatar/63.jpg,http://loremflickr.com/640/480/city,Marques Hill,Apt. 016,North Kieranton,59077,70.9499,-122.5879,+48 900 285 516,https://famous-keyboard.biz,"Littel, Morar and O'Connell",Virtual explicit alliance,aggregate cross-platform infomediaries,Male,2000-10-07T02:07:56.299Z,http://loremflickr.com/640/480/sports,http://loremflickr.com/640/480/sports,http://loremflickr.com/640/480/sports,http://loremflickr.com/640/480/sports
Harvey Hudson,Kasandra35,Bailey96@yahoo.com,https://cloudflare-ipfs.com/ipfs/Qmd3W5DuhgHirLHGVixi6V76LhCkZUz6pnFt5AJBiyvHye/avatar/757.jpg,http://loremflickr.com/640/480/city,Kyleigh Roads,Apt. 602,East Tonyview,36159-9793,-10.0609,-159.3890,+48 753 778 705,http://bowed-porter.org,Vandervort Inc,Automated fresh-thinking synergy,architect B2B markets,Female,2011-10-05T21:17:33.504Z,http://loremflickr.com/640/480/nature,http://loremflickr.com/640/480/nature,http://loremflickr.com/640/480/nature,http://loremflickr.com/640/480/nature
Whitney Donnelly,Kristofer_Fisher,Marco.Erdman@hotmail.com,https://cloudflare-ipfs.com/ipfs/Qmd3W5DuhgHirLHGVixi6V76LhCkZUz6pnFt5AJBiyvHye/avatar/853.jpg,http://loremflickr.com/640/480/city,D'Amore Lakes,Suite 174,Port Naomieport,80796,37.1842,-112.3179,+48 392 221 923,http://indelible-enrollment.org,Nienow - Balistreri,Digitized responsive analyzer,optimize revolutionary networks,Male,1972-04-10T00:36:05.421Z,http://loremflickr.com/640/480/animals,http://loremflickr.com/640/480/animals,http://loremflickr.com/640/480/animals,http://loremflickr.com/640/480/animals
Cecil Orn,Harrison28,Benjamin_Ernser68@hotmail.com,https://cloudflare-ipfs.com/ipfs/Qmd3W5DuhgHirLHGVixi6V76LhCkZUz6pnFt5AJBiyvHye/avatar/912.jpg,http://loremflickr.com/640/480/city,Frami Glen,Suite 388,North Hayley,52098,-11.6080,-169.3289,+48 030 258 042,https://woozy-logo.org,Weimann - Hackett,Enhanced multi-tasking capacity,seize one-to-one initiatives,Female,2009-08-24T07:24:33.097Z,http://loremflickr.com/640/480/people,http://loremflickr.com/640/480/people,http://loremflickr.com/640/480/people,http://loremflickr.com/640/480/people
Rogelio Davis,Rozella86,Reina47@gmail.com,https://cloudflare-ipfs.com/ipfs/Qmd3W5DuhgHirLHGVixi6V76LhCkZUz6pnFt5AJBiyvHye/avatar/354.jpg,http://loremflickr.com/640/480/city,Lakin Villages,Apt. 344,Connton,09364-7670,-47.0404,-100.4938,+48 249 757 889,http://bony-dibble.net,Douglas LLC,Vision-oriented explicit circuit,aggregate 24/7 solutions,Female,1973-02-02T09:59:57.836Z,http://loremflickr.com/640/480/sports,http://loremflickr.com/640/480/sports,http://loremflickr.com/640/480/sports,http://loremflickr.com/640/480/sports
Juanita Von,Gonzalo.Feeney,Zella.Veum36@gmail.com,https://cloudflare-ipfs.com/ipfs/Qmd3W5DuhgHirLHGVixi6V76LhCkZUz6pnFt5AJBiyvHye/avatar/250.jpg,http://loremflickr.com/640/480/city,Grant Plaza,Suite 925,Manuelatown,26840-0141,87.0553,-39.2321,+48 797 574 675,https://embellished-ascent.com,Beatty and Sons,Intuitive even-keeled support,transition B2C ROI,Female,2015-12-31T21:16:03.707Z,http://loremflickr.com/640/480/animals,http://loremflickr.com/640/480/animals,http://loremflickr.com/640/480/animals,http://loremflickr.com/640/480/animals
Melissa Hahn,Terrill_Hilll70,Merl19@yahoo.com,https://cloudflare-ipfs.com/ipfs/Qmd3W5DuhgHirLHGVixi6V76LhCkZUz6pnFt5AJBiyvHye/avatar/574.jpg,http://loremflickr.com/640/480/city,Terrill Road,Suite 133,Port Domenica,38270-9451,-35.3757,5.6469,+48 348 187 490,https://hard-to-find-dedication.net,Moen Inc,Proactive methodical array,incentivize clicks-and-mortar bandwidth,Female,1967-08-28T09:10:53.261Z,http://loremflickr.com/640/480/nightlife,http://loremflickr.com/640/480/nightlife,http://loremflickr.com/640/480/nightlife,http://loremflickr.com/640/480/nightlife
Mamie Stoltenberg,Elisha.McCullough6,Austyn_Ryan@yahoo.com,https://cloudflare-ipfs.com/ipfs/Qmd3W5DuhgHirLHGVixi6V76LhCkZUz6pnFt5AJBiyvHye/avatar/507.jpg,http://loremflickr.com/640/480/city,Grace Garden,Apt. 621,Methuen Town,35187-8189,-49.8190,-177.5148,+48 389 361 798,https://soupy-industry.net,Yost and Sons,Enhanced cohesive synergy,implement end-to-end users,Female,2011-10-30T01:21:27.726Z,http://loremflickr.com/640/480/cats,http://loremflickr.com/640/480/cats,http://loremflickr.com/640/480/cats,http://loremflickr.com/640/480/cats
Loren Turcotte,Xander50,Halle19@gmail.com,https://cloudflare-ipfs.com/ipfs/Qmd3W5DuhgHirLHGVixi6V76LhCkZUz6pnFt5AJBiyvHye/avatar/676.jpg,http://loremflickr.com/640/480/city,Paucek Vista,Apt. 456,San Jose,05615-1914,79.4778,18.0110,+48 041 804 380,https://tedious-bronchitis.org,Tillman - Bode,Seamless bifurcated forecast,implement compelling relationships,Male,1996-08-13T17:45:47.663Z,http://loremflickr.com/640/480/cats,http://loremflickr.com/640/480/cats,http://loremflickr.com/640/480/cats,http://loremflickr.com/640/480/cats
Traci Simonis,Ambrose_Hane,Kyler_Weber@yahoo.com,https://cloudflare-ipfs.com/ipfs/Qmd3W5DuhgHirLHGVixi6V76LhCkZUz6pnFt5AJBiyvHye/avatar/1063.jpg,http://loremflickr.com/640/480/city,Zella Trail,Suite 109,Laurynmouth,76535-1869,-42.5649,141.1034,+48 922 784 374,http://criminal-hatchling.com,Flatley Inc,Face to face high-level time-frame,envisioneer out-of-the-box content,Female,1989-07-14T04:41:13.877Z,http://loremflickr.com/640/480/transport,http://loremflickr.com/640/480/transport,http://loremflickr.com/640/480/transport,http://loremflickr.com/640/480/transport
Crystal Fisher,Greta55,Juliana.Kuhlman@hotmail.com,https://cloudflare-ipfs.com/ipfs/Qmd3W5DuhgHirLHGVixi6V76LhCkZUz6pnFt5AJBiyvHye/avatar/308.jpg,http://loremflickr.com/640/480/city,Rozella Walk,Apt. 197,New Jamal,96474,-85.5560,61.4019,+48 464 783 248,https://popular-lottery.name,Pouros and Sons,Cross-group web-enabled analyzer,seize world-class e-markets,Female,2003-07-23T01:40:29.313Z,http://loremflickr.com/640/480/nightlife,http://loremflickr.com/640/480/nightlife,http://loremflickr.com/640/480/nightlife,http://loremflickr.com/640/480/nightlife
Elisa Koepp,Jovani.Breitenberg,Randall.MacGyver76@gmail.com,https://cloudflare-ipfs.com/ipfs/Qmd3W5DuhgHirLHGVixi6V76LhCkZUz6pnFt5AJBiyvHye/avatar/687.jpg,http://loremflickr.com/640/480/city,Meda Canyon,Suite 579,Mullerbury,11798,-10.1237,92.4527,+48 486 241 534,http://noted-beach.info,Powlowski LLC,Reactive needs-based archive,embrace mission-critical functionalities,Female,1973-11-04T21:12:40.953Z,http://loremflickr.com/640/480/abstract,http://loremflickr.com/640/480/abstract,http://loremflickr.com/640/480/abstract,http://loremflickr.com/640/480/abstract
Allison Ward,Consuelo_Lowe,Eino66@hotmail.com,https://cloudflare-ipfs.com/ipfs/Qmd3W5DuhgHirLHGVixi6V76LhCkZUz6pnFt5AJBiyvHye/avatar/667.jpg,http://loremflickr.com/640/480/city,Harris Port,Suite 381,West Treyburgh,65247,53.1873,-97.8242,+48 600 537 466,http://frugal-loafer.org,"Hodkiewicz, Gleason and Hyatt",Virtual multi-state intranet,implement turn-key users,Male,1979-11-20T07:34:18.145Z,http://loremflickr.com/640/480/fashion,http://loremflickr.com/640/480/fashion,http://loremflickr.com/640/480/fashion,http://loremflickr.com/640/480/fashion
Tomas Zieme,Don_Hammes,Timothy_Robel67@gmail.com,https://cloudflare-ipfs.com/ipfs/Qmd3W5DuhgHirLHGVixi6V76LhCkZUz6pnFt5AJBiyvHye/avatar/201.jpg,http://loremflickr.com/640/480/city,Armando Radial,Suite 155,North Kendra,69967,71.6314,-148.8190,+48 335 874 005,https://frayed-menopause.org,Kuhic - Hamill,Open-architected user-facing conglomeration,enhance intuitive metrics,Female,2002-06-06T18:25:06.973Z,http://loremflickr.com/640/480/transport,http://loremflickr.com/640/480/transport,http://loremflickr.com/640/480/transport,http://loremflickr.com/640/480/transport
Raul Yost,Miller.Murray,Ezekiel_Ferry49@yahoo.com,https://cloudflare-ipfs.com/ipfs/Qmd3W5DuhgHirLHGVixi6V76LhCkZUz6pnFt5AJBiyvHye/avatar/776.jpg,http://loremflickr.com/640/480/city,Kuhlman Keys,Apt. 482,North Therese,37757-6517,-59.4397,2.5273,+48 508 322 915,https://weak-cursor.com,Bechtelar - Bashirian,Front-line demand-driven local area network,mesh synergistic niches,Female,2009-04-23T19:51:30.865Z,http://loremflickr.com/640/480/animals,http://loremflickr.com/640/480/animals,http://loremflickr.com/640/480/animals,http://loremflickr.com/640/480/animals
Anita Lueilwitz,Sunny.DAmore1,Dominique_Kuvalis41@hotmail.com,https://cloudflare-ipfs.com/ipfs/Qmd3W5DuhgHirLHGVixi6V76LhCkZUz6pnFt5AJBiyvHye/avatar/259.jpg,http://loremflickr.com/640/480/city,Santa Course,Suite 458,South Ashly,55050-0214,-82.8117,86.6800,+48 350 695 382,https://disastrous-season.org,"Pacocha, Koss and Klocko",Reduced cohesive pricing structure,productize global initiatives,Male,2019-05-10T08:12:12.837Z,http://loremflickr.com/640/480/transport,http://loremflickr.com/640/480/transport,http://loremflickr.com/640/480/transport,http://loremflickr.com/640/480/transport
Steve Stokes,Maynard_Toy,Casimir62@yahoo.com,https://cloudflare-ipfs.com/ipfs/Qmd3W5DuhgHirLHGVixi6V76LhCkZUz6pnFt5AJBiyvHye/avatar/211.jpg,http://loremflickr.com/640/480/city,Dach Fields,Suite 509,Bodeville,28778,35.6736,79.3593,+48 819 278 120,https://equatorial-vintner.org,"Romaguera, Schinner and Bauch",Assimilated demand-driven circuit,transition magnetic architectures,Female,2002-01-12T11:19:09.150Z,http://loremflickr.com/640/480/sports,http://loremflickr.com/640/480/sports,http://loremflickr.com/640/480/sports,http://loremflickr.com/640/480/sports
Carla Jones,Alford.Mraz15,Amy65@yahoo.com,https://cloudflare-ipfs.com/ipfs/Qmd3W5DuhgHirLHGVixi6V76LhCkZUz6pnFt5AJBiyvHye/avatar/299.jpg,http://loremflickr.com/640/480/city,Hagenes Points,Apt. 554,Willburgh,96530,-84.2994,-127.5712,+48 088 199 280,https://unequaled-organisation.name,Botsford - Prosacco,Realigned analyzing info-mediaries,deliver dot-com deliverables,Male,2022-01-24T22:10:34.735Z,http://loremflickr.com/640/480/business,http://loremflickr.com/640/480/business,http://loremflickr.com/640/480/business,http://loremflickr.com/640/480/business
Clyde Herzog,Jessica8,Morris.Marvin@hotmail.com,https://cloudflare-ipfs.com/ipfs/Qmd3W5DuhgHirLHGVixi6V76LhCkZUz6pnFt5AJBiyvHye/avatar/1233.jpg,http://loremflickr.com/640/480/city,Guadalupe Station,Suite 659,Roweview,22082,-87.6483,-91.8031,+48 403 562 829,https://unrealistic-fanlight.net,Kertzmann - Stoltenberg,Digitized zero defect utilisation,utilize dot-com mindshare,Female,2008-09-02T10:36:37.257Z,http://loremflickr.com/640/480/food,http://loremflickr.com/640/480/food,http://loremflickr.com/640/480/food,http://loremflickr.com/640/480/food
Joan Koss PhD,Idella.Gutkowski,Annie.Wilderman65@yahoo.com,https://cloudflare-ipfs.com/ipfs/Qmd3W5DuhgHirLHGVixi6V76LhCkZUz6pnFt5AJBiyvHye/avatar/906.jpg,http://loremflickr.com/640/480/city,Kristy Flats,Apt. 528,Lake Carissa,88907-6570,-71.6094,-66.2655,+48 560 252 537,https://personal-hatchling.net,Murray - Anderson,Extended contextually-based algorithm,strategize killer initiatives,Female,1982-01-25T22:31:30.022Z,http://loremflickr.com/640/480/cats,http://loremflickr.com/640/480/cats,http://loremflickr.com/640/480/cats,http://loremflickr.com/640/480/cats
Amanda Jacobi,Ezra.Denesik80,Elliott.Leannon0@gmail.com,https://cloudflare-ipfs.com/ipfs/Qmd3W5DuhgHirLHGVixi6V76LhCkZUz6pnFt5AJBiyvHye/avatar/283.jpg,http://loremflickr.com/640/480/city,Queenie Manors,Suite 469,Aaronport,00140-1741,57.8783,36.0946,+48 835 615 786,http://peppery-prosecution.com,Renner Group,Re-contextualized local array,unleash interactive schemas,Male,2012-05-25T13:37:08.850Z,http://loremflickr.com/640/480/fashion,http://loremflickr.com/640/480/fashion,http://loremflickr.com/640/480/fashion,http://loremflickr.com/640/480/fashion
Bessie Koch,Jessica_Windler,Deron68@yahoo.com,https://cloudflare-ipfs.com/ipfs/Qmd3W5DuhgHirLHGVixi6V76LhCkZUz6pnFt5AJBiyvHye/avatar/142.jpg,http://loremflickr.com/640/480/city,Christiana Well,Apt. 780,Lake Johnny,09575-1927,-21.0531,172.7840,+48 184 416 319,http://esteemed-twist.net,Kautzer Group,Polarised intangible model,architect viral solutions,Male,2015-01-29T10:36:44.127Z,http://loremflickr.com/640/480/business,http://loremflickr.com/640/480/business,http://loremflickr.com/640/480/business,http://loremflickr.com/640/480/business
Fannie D'Amore,Myrtis20,Cory_Schuppe@hotmail.com,https://cloudflare-ipfs.com/ipfs/Qmd3W5DuhgHirLHGVixi6V76LhCkZUz6pnFt5AJBiyvHye/avatar/301.jpg,http://loremflickr.com/640/480/city,Felicia Cove,Suite 138,Felipeton,12044,-35.9276,44.8139,+48 844 677 423,https://deep-nutrition.com,Smitham LLC,Seamless well-modulated website,matrix user-centric interfaces,Female,2016-10-10T11:54:02.543Z,http://loremflickr.com/640/480/technics,http://loremflickr.com/640/480/technics,http://loremflickr.com/640/480/technics,http://loremflickr.com/640/480/technics
Eddie Stark,Marlin61,Margarett21@yahoo.com,https://cloudflare-ipfs.com/ipfs/Qmd3W5DuhgHirLHGVixi6V76LhCkZUz6pnFt5AJBiyvHye/avatar/1000.jpg,http://loremflickr.com/640/480/city,Wolf Ports,Apt. 519,Cronaport,28742,-39.8862,-76.6936,+48 808 411 887,http://virtuous-monasticism.net,Baumbach - Dicki,Switchable context-sensitive analyzer,innovate end-to-end e-markets,Male,1970-10-11T02:05:36.360Z,http://loremflickr.com/640/480/transport,http://loremflickr.com/640/480/transport,http://loremflickr.com/640/480/transport,http://loremflickr.com/640/480/transport
Becky Kautzer,Hope.Stoltenberg70,Valentina49@hotmail.com,https://cloudflare-ipfs.com/ipfs/Qmd3W5DuhgHirLHGVixi6V76LhCkZUz6pnFt5AJBiyvHye/avatar/811.jpg,http://loremflickr.com/640/480/city,Cortney Ridges,Apt. 301,Huntington,34183-8135,-41.2052,171.3266,+48 410 135 759,https://misty-litter.info,Schinner and Sons,Organized client-server open architecture,cultivate front-end applications,Female,2019-06-20T05:21:31.401Z,http://loremflickr.com/640/480/technics,http://loremflickr.com/640/480/technics,http://loremflickr.com/640/480/technics,http://loremflickr.com/640/480/technics
Dr. Harvey Feeney,Kade.Purdy96,Everett.Wolff@gmail.com,https://cloudflare-ipfs.com/ipfs/Qmd3W5DuhgHirLHGVixi6V76LhCkZUz6pnFt5AJBiyvHye/avatar/1031.jpg,http://loremflickr.com/640/480/city,Ola Summit,Suite 471,Reynaville,58332-7342,54.4902,-103.4346,+48 682 629 536,http://minty-grouse.org,Osinski LLC,Compatible stable adapter,monetize visionary applications,Female,2010-06-09T06:17:46.495Z,http://loremflickr.com/640/480/food,http://loremflickr.com/640/480/food,http://loremflickr.com/640/480/food,http://loremflickr.com/640/480/food
Dr. Damon Reynolds,Fleta.Howell74,Kian.Weimann45@hotmail.com,https://cloudflare-ipfs.com/ipfs/Qmd3W5DuhgHirLHGVixi6V76LhCkZUz6pnFt5AJBiyvHye/avatar/789.jpg,http://loremflickr.com/640/480/city,Cyrus Cove,Apt. 894,Tianaton,67952,9.8338,95.6644,+48 361 387 763,https://fragrant-negotiation.biz,"Klein, Mosciski and Schuster",Multi-layered needs-based help-desk,strategize viral convergence,Male,1999-11-24T02:12:48.380Z,http://loremflickr.com/640/480/animals,http://loremflickr.com/640/480/animals,http://loremflickr.com/640/480/animals,http://loremflickr.com/640/480/animals
Jody Feest,Bruce_Hahn62,Ellen_Schaden@hotmail.com,https://cloudflare-ipfs.com/ipfs/Qmd3W5DuhgHirLHGVixi6V76LhCkZUz6pnFt5AJBiyvHye/avatar/204.jpg,http://loremflickr.com/640/480/city,Zemlak Harbors,Apt. 493,West Dillanfort,55411,1.0629,44.3789,+48 635 380 939,https://occasional-shower.info,Daugherty - Littel,Compatible asynchronous matrix,brand real-time partnerships,Male,2014-09-19T13:25:41.072Z,http://loremflickr.com/640/480/technics,http://loremflickr.com/640/480/technics,http://loremflickr.com/640/480/technics,http://loremflickr.com/640/480/technics
Ellis Ferry,Donna98,Gunner38@yahoo.com,https://cloudflare-ipfs.com/ipfs/Qmd3W5DuhgHirLHGVixi6V76LhCkZUz6pnFt5AJBiyvHye/avatar/770.jpg,http://loremflickr.com/640/480/city,Lang Rest,Suite 417,Port Kaylahfurt,22715,60.8911,-7.6469,+48 467 488 744,https://ambitious-warm-up.com,"Welch, Abbott and Boyer",Progressive intermediate extranet,engage visionary infrastructures,Male,1966-01-16T00:56:43.834Z,http://loremflickr.com/640/480/people,http://loremflickr.com/640/480/people,http://loremflickr.com/640/480/people,http://loremflickr.com/640/480/people
Mr. Vickie Kihn,Robert.Smitham21,Brian84@gmail.com,https://cloudflare-ipfs.com/ipfs/Qmd3W5DuhgHirLHGVixi6V76LhCkZUz6pnFt5AJBiyvHye/avatar/738.jpg,http://loremflickr.com/640/480/city,Ambrose Squares,Apt. 646,Schummstad,03504-4870,-11.6288,35.0285,+48 184 428 141,http://uneven-sunbeam.net,Gerlach - Conn,Business-focused exuding instruction set,extend efficient eyeballs,Male,2015-09-22T14:43:12.463Z,http://loremflickr.com/640/480/fashion,http://loremflickr.com/640/480/fashion,http://loremflickr.com/640/480/fashion,http://loremflickr.com/640/480/fashion
Conrad Crona,Sunny.Hammes78,Mohammad_Adams@yahoo.com,https://cloudflare-ipfs.com/ipfs/Qmd3W5DuhgHirLHGVixi6V76LhCkZUz6pnFt5AJBiyvHye/avatar/41.jpg,http://loremflickr.com/640/480/city,Quentin Islands,Apt. 423,Frederikfort,50408-3276,-42.3798,-127.9660,+48 907 096 363,https://fluffy-irrigation.info,Littel - Friesen,Integrated multi-tasking middleware,embrace back-end networks,Female,2005-02-21T11:17:59.868Z,http://loremflickr.com/640/480/people,http://loremflickr.com/640/480/people,http://loremflickr.com/640/480/people,http://loremflickr.com/640/480/people
Tricia Runolfsson Jr.,Tobin.Huels,Emilio38@yahoo.com,https://cloudflare-ipfs.com/ipfs/Qmd3W5DuhgHirLHGVixi6V76LhCkZUz6pnFt5AJBiyvHye/avatar/915.jpg,http://loremflickr.com/640/480/city,Josefa Forges,Suite 008,South Lethaville,38659,-67.2499,-95.2662,+48 863 046 309,https://grandiose-chorus.name,"Considine, Shields and Simonis",Proactive discrete projection,recontextualize plug-and-play experiences,Female,2008-05-14T01:15:32.294Z,http://loremflickr.com/640/480/cats,http://loremflickr.com/640/480/cats,http://loremflickr.com/640/480/cats,http://loremflickr.com/640/480/cats
Santiago Lehner,Deondre_Dare,Eldora10@hotmail.com,https://cloudflare-ipfs.com/ipfs/Qmd3W5DuhgHirLHGVixi6V76LhCkZUz6pnFt5AJBiyvHye/avatar/610.jpg,http://loremflickr.com/640/480/city,Samara Camp,Apt. 903,Lake Felipebury,91118-4640,51.7068,43.7711,+48 549 696 081,http://livid-chit-chat.org,Kerluke - Marks,Persistent coherent hub,facilitate 24/365 deliverables,Male,2017-05-20T08:39:24.247Z,http://loremflickr.com/640/480/abstract,http://loremflickr.com/640/480/abstract,http://loremflickr.com/640/480/abstract,http://loremflickr.com/640/480/abstract
Evan Zboncak,Angel82,Gustave_OKon52@yahoo.com,https://cloudflare-ipfs.com/ipfs/Qmd3W5DuhgHirLHGVixi6V76LhCkZUz6pnFt5AJBiyvHye/avatar/998.jpg,http://loremflickr.com/640/480/city,Steuber Mountains,Apt. 902,Jarredstad,14751,46.0819,57.2300,+48 283 554 356,http://unruly-periodical.com,Crist - Carter,Horizontal heuristic info-mediaries,transform cross-platform infomediaries,Female,2018-01-10T05:38:02.550Z,http://loremflickr.com/640/480/nature,http://loremflickr.com/640/480/nature,http://loremflickr.com/640/480/nature,http://loremflickr.com/640/480/nature
Ira Langworth,Bell_Gorczany13,Lexie_White@gmail.com,https://cloudflare-ipfs.com/ipfs/Qmd3W5DuhgHirLHGVixi6V76LhCkZUz6pnFt5AJBiyvHye/avatar/24.jpg,http://loremflickr.com/640/480/city,Purdy Fall,Suite 327,Lueilwitzburgh,04122,10.7955,-100.5383,+48 269 770 687,https://grateful-outhouse.info,Roberts and Sons,Decentralized uniform archive,generate next-generation initiatives,Female,2016-11-03T08:07:49.328Z,http://loremflickr.com/640/480/technics,http://loremflickr.com/640/480/technics,http://loremflickr.com/640/480/technics,http://loremflickr.com/640/480/technics
Frank Halvorson,Layne.Sanford47,Laisha_Kozey27@yahoo.com,https://cloudflare-ipfs.com/ipfs/Qmd3W5DuhgHirLHGVixi6V76LhCkZUz6pnFt5AJBiyvHye/avatar/723.jpg,http://loremflickr.com/640/480/city,Stanton Mountain,Suite 673,Kuhlmanport,95641,3.7579,115.2979,+48 330 080 135,http://polite-sty.info,Hane - Purdy,Synchronised high-level access,expedite granular ROI,Female,2008-01-03T18:18:19.926Z,http://loremflickr.com/640/480/city,http://loremflickr.com/640/480/city,http://loremflickr.com/640/480/city,http://loremflickr.com/640/480/city
Gordon Carroll,Etha1,Marcellus.Green@hotmail.com,https://cloudflare-ipfs.com/ipfs/Qmd3W5DuhgHirLHGVixi6V76LhCkZUz6pnFt5AJBiyvHye/avatar/1094.jpg,http://loremflickr.com/640/480/city,Gusikowski Brook,Suite 808,Creolamouth,64666,-85.2959,-144.3564,+48 629 865 217,http://admirable-viability.biz,"Grimes, Mueller and Harvey",Integrated grid-enabled internet solution,streamline interactive platforms,Female,1964-07-28T14:39:46.182Z,http://loremflickr.com/640/480/food,http://loremflickr.com/640/480/food,http://loremflickr.com/640/480/food,http://loremflickr.com/640/480/food
Vanessa Leffler II,Alaina_Sporer58,Jack.Bartoletti22@gmail.com,https://cloudflare-ipfs.com/ipfs/Qmd3W5DuhgHirLHGVixi6V76LhCkZUz6pnFt5AJBiyvHye/avatar/167.jpg,http://loremflickr.com/640/480/city,Wuckert Groves,Suite 255,Beierville,40683,-59.6252,107.1983,+48 944 980 158,http://second-hand-way.com,"Little, Grant and Watsica",Synchronised background flexibility,integrate back-end bandwidth,Male,1997-05-15T15:45:16.958Z,http://loremflickr.com/640/480/business,http://loremflickr.com/640/480/business,http://loremflickr.com/640/480/business,http://loremflickr.com/640/480/business
Hope Carter,Roslyn.Raynor,Benton38@yahoo.com,https://cloudflare-ipfs.com/ipfs/Qmd3W5DuhgHirLHGVixi6V76LhCkZUz6pnFt5AJBiyvHye/avatar/624.jpg,http://loremflickr.com/640/480/city,Cronin Garden,Suite 836,New Erica,61630-5763,-0.5831,150.6018,+48 128 193 733,https://distinct-council.biz,Brekke - Gulgowski,Sharable context-sensitive definition,architect collaborative channels,Male,2020-02-24T01:51:12.425Z,http://loremflickr.com/640/480/cats,http://loremflickr.com/640/480/cats,http://loremflickr.com/640/480/cats,http://loremflickr.com/640/480/cats